Empresa Teste LTDA;Livro caixa - Outubro/2026;;;
Data;Descrição;Entrada;Saída;Categoria
01/10/2026;Recebimento Mercado Central;4.250,00;;Vendas
01/10/2026;Aluguel outubro;;3.800,00;Aluguel
02/10/2026;Vendas cartão Visa;3.184,50;;Vendas
02/10/2026;Papelaria Alfa;;427,90;Despesas administrativas
05/10/2026;Fornecedor Embalagens Sul;;1.850,00;Fornecedores
05/10/2026;Recebimento Padaria Sol;960,00;;Vendas
06/10/2026;Energia elétrica CEMIG;;642,10;Utilidades
07/10/2026;Vendas cartão Master;2.873,10;;Vendas
08/10/2026;Folha de pagamento;;12.500,00;Folha
08/10/2026;Recebimento Restaurante Bom Sabor;1.837,00;;Vendas
09/10/2026;Internet Vivo Empresas;;299,00;Utilidades
09/10/2026;Vendas cartão Visa;3.542,00;;Vendas
12/10/2026;Lanche reunião equipe;;185,00;Despesas operacionais
15/10/2026;Distribuidora Beta;;4.125,00;Fornecedores
13/10/2026;Imposto DAS;;2.746,00;Impostos
14/10/2026;Combustível Posto Ipiranga;350,00;;Despesas operacionais
14/10/2026;Recebimento Casa Verde;1.245,00;;Vendas
15/10/2026;Vendas cartão Master;3.015,80;;Vendas
15/10/2026;Honorários contador;;900,00;Serviços
15/10/2026;Honorários contador;;900,00;Serviços
16/10/2026;Plásticos Gama;;1.573,00;Fornecedores
19/10/2026;Vendas cartão Visa;2.769,00;;Vendas
19/10/2026;Manutenção equipamentos Técnica Sul;;680,00;Manutenção
20/10/2026;Recebimento Hotel Panorama;4.590,00;;Vendas
20/10/2026;Seguro empresarial;;523,00;Seguros
21/10/2026;Vendas cartão Master;2.624,10;;Vendas
22/10/2026;Marketing Google Ads;;450,00;Marketing
23/10/2026;Recebimento Escola Futuro;1.380,00;;Vendas
27/10/2026;Vendas cartão Visa;3.312,50;;Vendas
30/10/2026;Pro-labore sócios;;6.000,00;Folha
03/11/2026;Adiantamento fornecedor;;1.500,00;Fornecedores
