Data;Histórico;Valor
01/10/2026;PIX RECEBIDO CLIENTE MERCADO CENTRAL;4.250,00
01/10/2026;PAGAMENTO ALUGUEL IMOBILIARIA;-3.800,00
02/10/2026;COMPRA PAPELARIA ALFA;-427,90
05/10/2026;PAGTO FORNECEDOR EMBALAGENS SUL;-1.850,00
05/10/2026;PIX RECEBIDO PADARIA SOL;960,00
06/10/2026;TARIFA MANUTENCAO CONTA;-89,90
06/10/2026;ENERGIA ELETRICA CEMIG;-642,10
08/10/2026;PIX RECEBIDO RESTAURANTE BOM SABOR;1.837,00
09/10/2026;INTERNET VIVO EMPRESAS;-299,00
13/10/2026;PAGTO DISTRIBUIDORA BETA;-4.125,00
14/10/2026;COMBUSTIVEL POSTO IPIRANGA;-350,00
14/10/2026;PIX RECEBIDO CASA VERDE;1.245,00
16/10/2026;PAGTO PLASTICOS GAMA;-1.573,00
19/10/2026;MANUTENCAO EQUIPAMENTOS TECNICA SUL;-680,00
20/10/2026;PIX RECEBIDO HOTEL PANORAMA;4.590,00
22/10/2026;MARKETING GOOGLE ADS;-450,00
23/10/2026;PIX RECEBIDO ESCOLA FUTURO;1.380,00
30/10/2026;TARIFA TED;-24,50
