Banco Exemplo S.A.;Extrato de conta corrente;;
Empresa Teste LTDA - Ag 0001 - CC 12345-6;;;
Periodo: 01/10/2026 a 30/10/2026;;;
Data;Histórico;Valor;Saldo
01/10/2026;SALDO ANTERIOR;;25.000,00
01/10/2026;PIX RECEBIDO CLIENTE MERCADO CENTRAL;4.250,00;29.250,00
01/10/2026;PAGAMENTO ALUGUEL IMOBILIARIA;-3.800,00;25.450,00
02/10/2026;CREDITO CARTAO VISA;3.184,50;28.634,50
02/10/2026;COMPRA PAPELARIA ALFA;-427,90;28.206,60
05/10/2026;PAGTO FORNECEDOR EMBALAGENS SUL;-1.850,00;26.356,60
05/10/2026;PIX RECEBIDO PADARIA SOL;960,00;27.316,60
06/10/2026;TARIFA MANUTENCAO CONTA;-89,90;27.226,70
06/10/2026;ENERGIA ELETRICA CEMIG;-642,10;26.584,60
07/10/2026;CREDITO CARTAO MASTER;2.873,10;29.457,70
08/10/2026;FOLHA DE PAGAMENTO;-12.500,00;16.957,70
08/10/2026;PIX RECEBIDO RESTAURANTE BOM SABOR;1.837,00;18.794,70
09/10/2026;INTERNET VIVO EMPRESAS;-299,00;18.495,70
09/10/2026;CREDITO CARTAO VISA;3.542,00;22.037,70
13/10/2026;PAGTO DISTRIBUIDORA BETA;-4.125,00;17.912,70
13/10/2026;IMPOSTO DAS SIMPLES NACIONAL;-2.764,00;15.148,70
14/10/2026;COMBUSTIVEL POSTO IPIRANGA;-350,00;14.798,70
14/10/2026;PIX RECEBIDO CASA VERDE;1.245,00;16.043,70
15/10/2026;CREDITO CARTAO MASTER;3.015,80;19.059,50
15/10/2026;HONORARIOS CONTADOR;-900,00;18.159,50
16/10/2026;PAGTO PLASTICOS GAMA;-1.573,00;16.586,50
19/10/2026;CREDITO CARTAO VISA;2.769,00;19.355,50
19/10/2026;MANUTENCAO EQUIPAMENTOS TECNICA SUL;-680,00;18.675,50
20/10/2026;PIX RECEBIDO HOTEL PANORAMA;4.590,00;23.265,50
20/10/2026;SEGURO EMPRESARIAL;-523,00;22.742,50
21/10/2026;CREDITO CARTAO MASTER;2.624,10;25.366,60
22/10/2026;MARKETING GOOGLE ADS;-450,00;24.916,60
23/10/2026;PIX RECEBIDO ESCOLA FUTURO;1.380,00;26.296,60
27/10/2026;CREDITO CARTAO VISA;3.312,50;29.609,10
30/10/2026;PRO-LABORE SOCIOS;-6.000,00;23.609,10
30/10/2026;TARIFA TED;-24,50;23.584,60
30/10/2026;SALDO FINAL;;23.584,60
